{"cameraMode":{"drawMode":0,"name":"Shaded","section":"Shading Mode"},"sceneLighting":false,"audioPlay":false,"sceneViewState":{"m_AlwaysRefresh":false,"showFog":true,"showSkybox":false,"showFlares":true,"showImageEffects":true,"showParticleSystems":true,"showVisualEffectGraphs":true,"m_FxEnabled":true},"in2DMode":false,"pivot":{"x":0.29359379410743716,"y":0.13468268513679505,"z":-0.6284471750259399},"rotation":{"x":-0.06818264722824097,"y":-0.2663399875164032,"z":0.01890234462916851,"w":-0.961329460144043},"size":0.3783438801765442,"orthographic":false}